Layer,1952–1993,1994–1998,1999–2012,2013–present
Official Journal legal text,Strong backbone,Strong backbone,Strong backbone,Strong backbone
EUR-Lex/Cellar metadata,Available; completeness varies,Stronger,Strong,Strong
Consolidated checkpoints,Varies by act,Varies by act,Often useful,Very useful
Parliament structured procedure history,Partial / selected older procedures,Strong from Jul 1994,Strong,Strong
Council online preparatory register,Archival reconstruction,Archival / partial,Strong from 1999,Strong
Commission consultation lifecycle,Historical reconstruction,Historical reconstruction,Mixed,Strongest in modern era
Provision-level ELI identity,Retrospective / variable,Retrospective / variable,Variable,Increasingly strong
Mutation reconstruction potential,Medium–High enacted text,High,High,Very high
Negotiation-history reconstruction,Low–Medium,Medium–High,High,Very high
